run_nr,nr_inputs,chromium_success-firefox_success,chromium_reject-firefox_host,chromium_success-firefox_host,chromium_host-firefox_success,chromium_success-firefox_path,chromium_host-firefox_host,chromium_host-firefox_username,chromium_reject-firefox_path,chromium_reject-firefox_success,chromium_host-firefox_path,chromium_path-firefox_path,chromium_success-firefox_query,chromium_host-firefox_reject,chromium_path-firefox_success,chromium_password-firefox_password
0,10,4,1,2,1,1,1,0,0,0,0,0,0,0,0,0
1,20,11,1,3,1,1,3,0,0,0,0,0,0,0,0,0
2,30,16,1,7,1,1,4,0,0,0,0,0,0,0,0,0
3,40,20,2,9,1,1,6,1.0,0,0,0,0,0,0,0,0
4,50,24,3,11,3,1,7,1.0,0,0,0,0,0,0,0,0
5,60,27,3,15,4,1,9,1.0,0,0,0,0,0,0,0,0
6,70,32,4,17,4,1,10,1.0,1.0,0,0,0,0,0,0,0
7,80,37,4,20,4,1,12,1.0,1.0,0,0,0,0,0,0,0
8,90,42,6,23,4,1,12,1.0,1.0,0,0,0,0,0,0,0
9,100,48,6,26,4,1,12,1.0,1.0,1.0,0,0,0,0,0,0
10,110,53,6,29,4,1,14,1.0,1.0,1.0,0,0,0,0,0,0
11,120,57,6,32,5,1,15,1.0,1.0,1.0,1.0,0,0,0,0,0
12,130,62,6,34,5,2,16,1.0,1.0,1.0,1.0,1.0,0,0,0,0
13,140,69,6,36,5,2,16,1.0,1.0,1.0,1.0,1.0,1.0,0,0,0
14,150,75,6,38,5,2,17,1.0,1.0,1.0,2.0,1.0,1.0,0,0,0
15,160,79,7,43,5,2,17,1.0,1.0,1.0,2.0,1.0,1.0,0,0,0
16,170,86,7,45,5,2,18,1.0,1.0,1.0,2.0,1.0,1.0,0,0,0
17,180,89,7,49,5,2,20,1.0,2.0,1.0,2.0,1.0,1.0,0,0,0
18,190,96,7,50,5,2,22,1.0,2.0,1.0,2.0,1.0,1.0,0,0,0
19,200,102,8,53,5,2,22,1.0,2.0,1.0,2.0,1.0,1.0,0,0,0
20,210,108,8,57,5,2,22,1.0,2.0,1.0,2.0,1.0,1.0,0,0,0
21,220,113,9,61,5,2,22,1.0,2.0,1.0,2.0,1.0,1.0,0,0,0
22,230,116,9,65,6,2,23,1.0,2.0,1.0,2.0,1.0,1.0,1.0,0,0
23,240,122,9,67,6,2,25,1.0,2.0,1.0,2.0,1.0,1.0,1.0,0,0
24,250,126,9,71,6,2,26,1.0,2.0,1.0,3.0,1.0,1.0,1.0,0,0
25,260,130,9,75,7,2,26,1.0,2.0,1.0,3.0,1.0,2.0,1.0,0,0
26,270,137,9,78,7,2,26,1.0,2.0,1.0,3.0,1.0,2.0,1.0,0,0
27,280,142,9,81,7,2,27,1.0,2.0,1.0,3.0,1.0,2.0,1.0,1.0,0
28,290,145,9,84,8,2,27,1.0,2.0,1.0,5.0,1.0,3.0,1.0,1.0,0
29,300,148,10,87,9,2,27,1.0,2.0,2.0,5.0,1.0,4.0,1.0,1.0,0
30,310,153,10,90,9,2,29,1.0,2.0,2.0,5.0,1.0,4.0,1.0,1.0,0
31,320,158,10,93,9,2,30,1.0,2.0,2.0,6.0,1.0,4.0,1.0,1.0,0
32,330,162,10,96,9,3,31,1.0,2.0,2.0,6.0,1.0,5.0,1.0,1.0,0
33,340,167,10,100,9,3,31,1.0,2.0,2.0,6.0,1.0,6.0,1.0,1.0,0
34,350,172,10,103,9,3,32,1.0,2.0,2.0,6.0,1.0,7.0,1.0,1.0,0
35,360,178,11,103,10,4,33,1.0,2.0,2.0,6.0,1.0,7.0,1.0,1.0,0
36,370,185,11,106,10,4,33,1.0,2.0,2.0,6.0,1.0,7.0,1.0,1.0,0
37,380,192,11,108,10,4,33,1.0,2.0,2.0,6.0,1.0,8.0,1.0,1.0,0
38,390,198,11,108,10,4,36,1.0,2.0,2.0,6.0,1.0,9.0,1.0,1.0,0
39,400,202,12,109,10,4,39,1.0,2.0,2.0,6.0,1.0,9.0,1.0,2.0,0
40,410,206,13,111,10,4,41,1.0,2.0,2.0,6.0,1.0,10.0,1.0,2.0,0
41,420,211,13,113,10,4,43,1.0,3.0,2.0,6.0,1.0,10.0,1.0,2.0,0
42,430,218,14,114,10,4,43,1.0,3.0,2.0,6.0,1.0,11.0,1.0,2.0,0
43,440,225,14,117,10,4,43,1.0,3.0,2.0,6.0,1.0,11.0,1.0,2.0,0
44,450,231,14,119,10,4,44,1.0,4.0,2.0,6.0,1.0,11.0,1.0,2.0,0
45,460,236,14,121,10,4,46,1.0,4.0,3.0,6.0,1.0,11.0,1.0,2.0,0
46,470,241,15,125,10,4,46,1.0,4.0,3.0,6.0,1.0,11.0,1.0,2.0,0
47,480,247,15,126,10,4,47,1.0,4.0,3.0,7.0,1.0,12.0,1.0,2.0,0
48,490,250,15,131,10,4,48,1.0,4.0,3.0,8.0,1.0,12.0,1.0,2.0,0
49,500,256,15,134,10,4,48,1.0,4.0,3.0,8.0,1.0,13.0,1.0,2.0,0
50,510,258,15,140,10,5,49,1.0,4.0,3.0,8.0,1.0,13.0,1.0,2.0,0
51,520,263,15,143,10,6,49,1.0,4.0,4.0,8.0,1.0,13.0,1.0,2.0,0
52,530,269,15,146,10,6,50,1.0,4.0,4.0,8.0,1.0,13.0,1.0,2.0,0
53,540,274,16,147,10,6,51,1.0,4.0,4.0,9.0,1.0,13.0,1.0,3.0,0
54,550,278,16,150,10,6,52,1.0,4.0,4.0,9.0,2.0,14.0,1.0,3.0,0
55,560,285,16,150,10,6,53,1.0,4.0,4.0,9.0,2.0,16.0,1.0,3.0,0
56,570,292,16,152,11,6,53,1.0,4.0,4.0,9.0,2.0,16.0,1.0,3.0,0
57,580,296,16,157,11,6,53,1.0,4.0,4.0,9.0,3.0,16.0,1.0,3.0,0
58,590,301,16,161,11,6,53,1.0,4.0,4.0,9.0,3.0,16.0,1.0,4.0,0
59,600,305,16,165,11,6,54,1.0,4.0,4.0,9.0,4.0,16.0,1.0,4.0,0
60,610,311,16,166,12,6,56,1.0,4.0,4.0,9.0,4.0,16.0,1.0,4.0,0
61,620,315,16,167,13,6,59,1.0,4.0,4.0,9.0,4.0,17.0,1.0,4.0,0
62,630,320,16,169,13,6,61,1.0,5.0,4.0,9.0,4.0,17.0,1.0,4.0,0
63,640,322,17,174,14,6,62,1.0,5.0,4.0,9.0,4.0,17.0,1.0,4.0,0
64,650,327,18,175,15,6,62,1.0,5.0,4.0,9.0,4.0,19.0,1.0,4.0,0
65,660,334,18,176,16,7,62,1.0,5.0,4.0,9.0,4.0,19.0,1.0,4.0,0
66,670,338,18,181,16,7,63,1.0,5.0,4.0,9.0,4.0,19.0,1.0,4.0,0
67,680,344,19,182,16,7,63,1.0,5.0,4.0,10.0,4.0,20.0,1.0,4.0,0
68,690,348,19,186,17,7,64,1.0,5.0,4.0,10.0,4.0,20.0,1.0,4.0,0
69,700,352,20,189,18,7,64,1.0,5.0,4.0,10.0,4.0,21.0,1.0,4.0,0
70,710,357,20,191,18,7,66,1.0,5.0,5.0,10.0,4.0,21.0,1.0,4.0,0
71,720,361,21,194,18,8,67,1.0,5.0,5.0,10.0,4.0,21.0,1.0,4.0,0
72,730,367,21,196,18,8,68,1.0,6.0,5.0,10.0,4.0,21.0,1.0,4.0,0
73,740,371,21,200,19,8,69,1.0,6.0,5.0,10.0,4.0,21.0,1.0,4.0,0
74,750,377,21,203,19,8,70,1.0,6.0,5.0,10.0,4.0,21.0,1.0,4.0,0
75,760,383,21,205,19,8,70,1.0,6.0,6.0,10.0,4.0,22.0,1.0,4.0,0
76,770,387,22,208,19,8,71,1.0,6.0,7.0,10.0,4.0,22.0,1.0,4.0,0
77,780,395,22,210,19,8,71,1.0,6.0,7.0,10.0,4.0,22.0,1.0,4.0,0
78,790,399,23,213,20,8,71,1.0,6.0,7.0,10.0,4.0,23.0,1.0,4.0,0
79,800,406,23,215,20,8,71,1.0,6.0,7.0,10.0,4.0,23.0,1.0,5.0,0
80,810,410,23,216,20,8,74,1.0,6.0,7.0,11.0,4.0,23.0,1.0,5.0,0
81,820,414,23,219,20,8,76,1.0,6.0,7.0,11.0,4.0,24.0,1.0,5.0,0
82,830,420,23,220,20,9,76,1.0,6.0,7.0,12.0,4.0,25.0,1.0,5.0,0
83,840,424,23,225,20,9,76,1.0,6.0,7.0,12.0,5.0,25.0,1.0,5.0,0
84,850,428,23,229,20,9,76,1.0,6.0,7.0,13.0,5.0,26.0,1.0,5.0,0
85,860,431,23,236,20,9,76,1.0,6.0,7.0,13.0,5.0,26.0,1.0,5.0,0
86,870,437,23,238,20,9,78,1.0,6.0,7.0,13.0,5.0,26.0,1.0,5.0,0
87,880,444,23,238,20,9,78,1.0,7.0,7.0,15.0,5.0,26.0,1.0,5.0,0
88,890,452,23,238,21,9,79,1.0,7.0,7.0,15.0,5.0,26.0,1.0,5.0,0
89,900,459,23,241,21,9,79,1.0,7.0,7.0,15.0,5.0,26.0,1.0,5.0,0
90,910,463,23,243,23,9,80,1.0,7.0,7.0,15.0,6.0,26.0,1.0,5.0,0
91,920,469,23,246,23,9,81,1.0,7.0,7.0,15.0,6.0,26.0,1.0,5.0,0
92,930,475,23,247,23,9,81,1.0,7.0,7.0,16.0,6.0,28.0,1.0,5.0,0
93,940,477,24,250,23,10,83,1.0,7.0,7.0,16.0,7.0,28.0,1.0,5.0,0
94,950,480,24,255,23,10,85,1.0,7.0,7.0,16.0,7.0,28.0,1.0,5.0,0
95,960,486,24,256,24,10,86,1.0,7.0,8.0,16.0,7.0,28.0,1.0,5.0,0
96,970,492,24,258,25,10,86,1.0,7.0,8.0,16.0,7.0,29.0,1.0,5.0,0
97,980,495,24,261,25,10,88,2.0,7.0,8.0,16.0,7.0,30.0,1.0,5.0,0
98,990,500,24,263,25,10,89,2.0,7.0,8.0,16.0,7.0,31.0,1.0,6.0,0
99,1000,504,24,267,26,10,89,2.0,7.0,8.0,16.0,7.0,32.0,1.0,6.0,0
100,1010,509,25,270,26,10,90,2.0,7.0,8.0,16.0,7.0,32.0,1.0,6.0,0
101,1020,513,25,272,26,11,92,2.0,7.0,8.0,16.0,7.0,33.0,1.0,6.0,0
102,1030,518,26,274,26,11,93,2.0,7.0,8.0,16.0,7.0,33.0,1.0,7.0,0
103,1040,524,26,277,26,11,94,2.0,7.0,8.0,16.0,7.0,33.0,1.0,7.0,0
104,1050,528,26,282,26,11,95,2.0,7.0,8.0,16.0,7.0,33.0,1.0,7.0,0
105,1060,534,26,286,26,11,95,2.0,7.0,8.0,16.0,7.0,33.0,1.0,7.0,0
106,1070,539,26,288,26,11,98,2.0,7.0,8.0,16.0,7.0,33.0,1.0,7.0,0
107,1080,542,26,291,26,12,99,2.0,7.0,9.0,16.0,7.0,33.0,1.0,7.0,0
108,1090,545,26,296,27,12,100,2.0,7.0,9.0,16.0,7.0,33.0,1.0,7.0,0
109,1100,551,26,297,27,12,101,2.0,7.0,9.0,16.0,8.0,34.0,1.0,7.0,0
110,1110,555,27,299,27,13,102,2.0,7.0,9.0,16.0,8.0,35.0,1.0,7.0,0
111,1120,561,27,302,27,13,102,2.0,8.0,9.0,16.0,8.0,35.0,1.0,7.0,0
112,1130,564,28,305,28,13,104,2.0,8.0,9.0,16.0,8.0,35.0,1.0,7.0,0
113,1140,569,28,307,29,13,105,2.0,8.0,9.0,16.0,9.0,35.0,1.0,7.0,0
114,1150,575,28,310,29,13,106,2.0,8.0,9.0,16.0,9.0,35.0,1.0,7.0,0
115,1160,583,28,311,29,13,106,2.0,8.0,9.0,16.0,9.0,36.0,1.0,7.0,0
116,1170,591,28,313,29,13,106,2.0,8.0,9.0,16.0,9.0,36.0,1.0,7.0,0
117,1180,594,28,316,29,13,107,2.0,9.0,9.0,16.0,11.0,36.0,1.0,7.0,0
118,1190,597,28,320,29,13,110,2.0,9.0,9.0,16.0,11.0,36.0,1.0,7.0,0
119,1200,603,29,322,29,13,110,2.0,9.0,9.0,16.0,11.0,37.0,1.0,7.0,0
120,1210,607,31,324,29,13,110,2.0,9.0,9.0,16.0,11.0,39.0,1.0,7.0,0
121,1220,611,32,325,29,14,112,2.0,9.0,9.0,16.0,11.0,40.0,1.0,7.0,0
122,1230,617,32,326,29,14,114,2.0,9.0,9.0,16.0,11.0,40.0,1.0,8.0,0
123,1240,623,33,328,29,14,115,2.0,9.0,9.0,16.0,11.0,40.0,1.0,8.0,0
124,1250,628,33,329,29,14,116,2.0,9.0,9.0,16.0,11.0,42.0,1.0,9.0,0
125,1260,634,33,332,30,14,116,2.0,9.0,9.0,16.0,11.0,42.0,1.0,9.0,0
126,1270,642,33,333,30,14,117,2.0,9.0,9.0,16.0,11.0,42.0,1.0,9.0,0
127,1280,647,33,335,30,14,120,2.0,9.0,9.0,16.0,11.0,42.0,1.0,9.0,0
128,1290,654,33,338,30,14,120,2.0,9.0,9.0,16.0,11.0,42.0,1.0,9.0,0
129,1300,661,33,339,31,14,121,2.0,9.0,9.0,16.0,11.0,42.0,1.0,9.0,0
130,1310,668,34,340,31,14,122,2.0,9.0,9.0,16.0,11.0,42.0,1.0,9.0,0
131,1320,673,34,343,31,14,123,2.0,9.0,9.0,16.0,11.0,42.0,1.0,10.0,0
132,1330,680,34,345,31,14,124,2.0,9.0,9.0,16.0,11.0,42.0,1.0,10.0,0
133,1340,687,34,347,31,14,124,2.0,9.0,9.0,16.0,11.0,43.0,1.0,10.0,0
134,1350,693,34,349,31,14,124,2.0,9.0,9.0,16.0,11.0,44.0,1.0,10.0,0
135,1360,698,35,350,32,14,125,2.0,9.0,9.0,16.0,11.0,45.0,1.0,10.0,0
136,1370,703,35,353,33,14,125,2.0,9.0,9.0,16.0,11.0,46.0,1.0,10.0,0
137,1380,707,36,355,34,14,127,2.0,9.0,9.0,16.0,11.0,46.0,1.0,10.0,0
138,1390,713,36,358,34,14,127,2.0,9.0,9.0,17.0,11.0,46.0,1.0,10.0,0
139,1400,718,36,362,35,14,127,2.0,9.0,9.0,17.0,11.0,46.0,1.0,10.0,0
140,1410,723,36,363,35,14,129,2.0,9.0,9.0,18.0,11.0,47.0,1.0,10.0,0
141,1420,729,36,365,35,14,130,2.0,9.0,9.0,19.0,11.0,47.0,1.0,10.0,0
142,1430,735,37,368,35,14,130,2.0,9.0,9.0,19.0,11.0,47.0,1.0,10.0,0
143,1440,745,37,368,35,14,130,2.0,9.0,9.0,19.0,11.0,47.0,1.0,10.0,0
144,1450,753,37,369,35,14,131,2.0,9.0,9.0,19.0,11.0,47.0,1.0,10.0,0
145,1460,757,37,374,35,14,131,2.0,9.0,9.0,19.0,11.0,48.0,1.0,10.0,0
146,1470,762,37,377,36,14,131,2.0,9.0,9.0,19.0,11.0,48.0,2.0,10.0,0
147,1480,766,38,379,36,15,133,2.0,9.0,9.0,19.0,11.0,48.0,2.0,10.0,0
148,1490,771,38,381,37,15,133,2.0,9.0,10.0,19.0,11.0,49.0,2.0,10.0,0
149,1500,775,38,386,37,15,134,2.0,9.0,10.0,19.0,11.0,49.0,2.0,10.0,0
150,1510,779,38,387,37,15,138,2.0,9.0,10.0,19.0,11.0,50.0,2.0,10.0,0
151,1520,784,38,390,37,16,139,2.0,9.0,10.0,19.0,11.0,50.0,2.0,10.0,0
152,1530,791,38,393,37,16,139,2.0,9.0,10.0,19.0,11.0,50.0,2.0,10.0,0
153,1540,796,38,395,37,16,139,2.0,9.0,10.0,19.0,11.0,51.0,2.0,11.0,0
154,1550,802,38,399,37,16,139,2.0,9.0,10.0,19.0,11.0,51.0,2.0,11.0,0
155,1560,806,38,400,37,16,141,2.0,9.0,11.0,19.0,11.0,53.0,2.0,11.0,0
156,1570,810,38,402,38,16,142,2.0,10.0,11.0,19.0,11.0,54.0,2.0,11.0,0
157,1580,813,38,409,38,16,142,2.0,10.0,11.0,19.0,11.0,54.0,2.0,11.0,0
158,1590,817,38,411,38,16,145,2.0,10.0,11.0,20.0,11.0,54.0,2.0,11.0,0
159,1600,821,38,416,38,16,145,2.0,10.0,12.0,20.0,11.0,54.0,2.0,11.0,0
160,1610,825,38,418,40,16,145,2.0,11.0,12.0,20.0,11.0,54.0,2.0,12.0,0
161,1620,833,39,418,40,16,145,2.0,11.0,12.0,20.0,11.0,55.0,2.0,12.0,0
162,1630,841,39,419,40,16,145,2.0,11.0,12.0,20.0,11.0,56.0,2.0,12.0,0
163,1640,847,39,422,41,16,145,2.0,11.0,12.0,20.0,11.0,56.0,2.0,12.0,0
164,1650,854,39,424,41,16,145,2.0,11.0,12.0,21.0,11.0,56.0,2.0,12.0,0
165,1660,859,39,426,41,17,146,2.0,11.0,12.0,22.0,11.0,56.0,2.0,12.0,0
166,1670,863,39,429,42,17,148,2.0,11.0,12.0,22.0,11.0,56.0,2.0,12.0,0
167,1680,869,39,431,43,17,148,2.0,11.0,12.0,22.0,11.0,56.0,2.0,12.0,0
168,1690,872,40,434,43,17,150,2.0,12.0,12.0,22.0,11.0,56.0,2.0,12.0,0
169,1700,875,41,439,43,17,151,2.0,12.0,12.0,22.0,11.0,56.0,2.0,12.0,0
170,1710,879,41,443,43,17,152,2.0,12.0,12.0,23.0,11.0,56.0,2.0,12.0,0
171,1720,885,41,444,43,17,153,2.0,12.0,12.0,23.0,11.0,56.0,2.0,13.0,0
172,1730,890,41,445,44,18,154,2.0,12.0,12.0,23.0,11.0,57.0,2.0,13.0,0
173,1740,896,41,446,44,18,156,2.0,12.0,12.0,23.0,11.0,57.0,2.0,14.0,0
174,1750,901,41,450,44,18,156,2.0,12.0,13.0,23.0,11.0,57.0,2.0,14.0,0
175,1760,908,41,451,45,18,157,2.0,12.0,13.0,23.0,11.0,57.0,2.0,14.0,0
176,1770,915,41,454,45,18,157,2.0,12.0,13.0,23.0,11.0,57.0,2.0,14.0,0
177,1780,919,42,459,45,18,157,2.0,12.0,13.0,23.0,11.0,57.0,2.0,14.0,0
178,1790,925,42,459,45,18,158,2.0,12.0,13.0,24.0,11.0,58.0,2.0,14.0,0
179,1800,930,42,461,46,18,159,2.0,12.0,13.0,24.0,11.0,59.0,2.0,14.0,0
180,1810,934,42,463,47,18,160,2.0,12.0,13.0,25.0,11.0,59.0,2.0,14.0,0
181,1820,939,42,468,47,18,160,2.0,12.0,13.0,25.0,11.0,59.0,2.0,14.0,0
182,1830,944,43,471,47,18,160,2.0,12.0,13.0,25.0,11.0,60.0,2.0,14.0,0
183,1840,947,43,477,47,18,161,2.0,12.0,13.0,25.0,11.0,60.0,2.0,14.0,0
184,1850,950,43,479,47,18,164,2.0,13.0,13.0,25.0,11.0,61.0,2.0,14.0,0
185,1860,955,44,482,47,18,165,2.0,13.0,13.0,25.0,11.0,61.0,2.0,14.0,0
186,1870,960,44,485,47,18,166,2.0,13.0,13.0,25.0,11.0,62.0,2.0,14.0,0
187,1880,965,44,487,47,18,168,2.0,14.0,13.0,25.0,11.0,62.0,2.0,14.0,0
188,1890,971,44,489,47,18,169,2.0,14.0,13.0,26.0,11.0,62.0,2.0,14.0,0
189,1900,974,44,494,47,18,169,2.0,14.0,13.0,26.0,11.0,63.0,3.0,14.0,0
190,1910,978,44,497,47,19,170,2.0,14.0,13.0,26.0,11.0,64.0,3.0,14.0,0
191,1920,982,44,502,48,19,170,2.0,14.0,13.0,26.0,11.0,64.0,3.0,14.0,0
192,1930,987,45,504,49,19,171,2.0,14.0,13.0,26.0,11.0,64.0,3.0,14.0,0
193,1940,990,46,507,49,19,173,2.0,14.0,13.0,26.0,11.0,65.0,3.0,14.0,0
194,1950,995,46,512,49,19,173,2.0,14.0,13.0,26.0,11.0,65.0,3.0,14.0,0
195,1960,1000,46,515,49,19,174,2.0,14.0,14.0,26.0,11.0,65.0,3.0,14.0,0
196,1970,1004,46,520,49,19,174,2.0,14.0,14.0,26.0,11.0,66.0,3.0,14.0,0
197,1980,1006,47,522,50,19,177,2.0,14.0,14.0,26.0,11.0,67.0,3.0,14.0,0
198,1990,1012,48,522,50,19,179,2.0,14.0,14.0,26.0,11.0,67.0,3.0,15.0,0
199,2000,1017,48,527,50,19,179,2.0,14.0,14.0,26.0,11.0,67.0,3.0,15.0,0
200,2010,1023,48,530,50,19,180,2.0,14.0,14.0,26.0,11.0,67.0,3.0,15.0,0
201,2020,1028,49,534,50,19,180,2.0,14.0,14.0,26.0,11.0,67.0,3.0,15.0,0
202,2030,1036,50,534,50,19,180,2.0,15.0,14.0,26.0,11.0,67.0,3.0,15.0,0
203,2040,1039,52,537,51,19,181,2.0,15.0,14.0,26.0,11.0,67.0,3.0,15.0,0
204,2050,1048,52,538,51,19,181,2.0,15.0,14.0,26.0,11.0,67.0,3.0,15.0,0
205,2060,1053,53,542,51,19,181,2.0,15.0,14.0,26.0,11.0,67.0,3.0,15.0,0
206,2070,1058,53,544,51,19,183,2.0,15.0,14.0,26.0,11.0,68.0,3.0,15.0,0
207,2080,1061,53,550,51,20,183,2.0,15.0,14.0,26.0,11.0,68.0,3.0,15.0,0
208,2090,1065,53,552,52,20,184,2.0,15.0,14.0,26.0,11.0,70.0,3.0,15.0,0
209,2100,1073,53,553,52,20,184,2.0,15.0,14.0,26.0,11.0,71.0,3.0,15.0,0
210,2110,1080,53,554,52,20,185,2.0,15.0,14.0,27.0,11.0,71.0,3.0,15.0,0
211,2120,1082,54,558,53,20,186,2.0,15.0,14.0,27.0,11.0,71.0,3.0,15.0,0
212,2130,1085,54,561,53,21,189,2.0,15.0,14.0,27.0,11.0,71.0,3.0,15.0,0
213,2140,1089,54,564,53,21,191,2.0,15.0,15.0,27.0,11.0,71.0,3.0,15.0,0
214,2150,1093,54,567,53,21,193,2.0,15.0,15.0,27.0,11.0,72.0,3.0,15.0,0
215,2160,1098,54,570,53,21,194,2.0,15.0,15.0,28.0,11.0,72.0,3.0,15.0,0
216,2170,1103,55,573,53,21,195,2.0,15.0,15.0,28.0,11.0,72.0,3.0,15.0,0
217,2180,1108,55,574,56,21,196,2.0,15.0,15.0,28.0,11.0,72.0,3.0,15.0,0
218,2190,1114,55,576,56,21,198,2.0,15.0,15.0,28.0,11.0,72.0,3.0,15.0,0
219,2200,1116,56,579,58,21,199,2.0,15.0,15.0,28.0,11.0,72.0,4.0,15.0,0
220,2210,1122,56,581,58,21,200,2.0,15.0,15.0,28.0,11.0,73.0,4.0,15.0,0
221,2220,1128,57,584,58,21,200,2.0,15.0,15.0,28.0,11.0,73.0,4.0,15.0,0
222,2230,1133,57,587,58,21,201,2.0,15.0,15.0,28.0,11.0,74.0,4.0,15.0,0
223,2240,1137,58,589,60,21,202,2.0,15.0,15.0,28.0,11.0,74.0,4.0,15.0,0
224,2250,1142,58,591,60,21,203,2.0,15.0,15.0,28.0,11.0,74.0,5.0,15.0,0
225,2260,1147,58,593,60,21,205,2.0,15.0,15.0,28.0,11.0,74.0,5.0,16.0,0
226,2270,1152,58,594,61,21,206,2.0,15.0,15.0,28.0,12.0,75.0,5.0,16.0,0
227,2280,1158,59,595,62,22,206,2.0,15.0,15.0,28.0,12.0,75.0,5.0,16.0,0
228,2290,1164,59,596,63,22,207,2.0,15.0,15.0,28.0,12.0,76.0,5.0,16.0,0
229,2300,1171,60,598,63,22,207,2.0,15.0,15.0,28.0,12.0,76.0,5.0,16.0,0
230,2310,1180,60,599,63,22,207,2.0,15.0,15.0,28.0,12.0,76.0,5.0,16.0,0
231,2320,1184,60,601,64,22,209,2.0,15.0,15.0,28.0,12.0,77.0,5.0,16.0,0
232,2330,1188,60,604,64,22,210,2.0,15.0,15.0,28.0,12.0,79.0,5.0,16.0,0
233,2340,1192,61,608,64,22,211,2.0,15.0,15.0,28.0,12.0,79.0,5.0,16.0,0
234,2350,1200,61,608,64,22,213,2.0,15.0,15.0,28.0,12.0,79.0,5.0,16.0,0
235,2360,1204,61,612,64,23,214,2.0,15.0,15.0,28.0,12.0,79.0,5.0,16.0,0
236,2370,1210,61,614,64,23,214,2.0,15.0,16.0,28.0,12.0,80.0,5.0,16.0,0
237,2380,1215,61,616,64,23,215,2.0,15.0,17.0,28.0,12.0,81.0,5.0,16.0,0
238,2390,1221,61,619,64,23,216,2.0,15.0,17.0,28.0,12.0,81.0,5.0,16.0,0
239,2400,1226,61,623,64,23,216,2.0,15.0,17.0,28.0,12.0,82.0,5.0,16.0,0
240,2410,1228,61,628,64,23,217,2.0,15.0,17.0,28.0,12.0,84.0,5.0,16.0,0
241,2420,1232,61,630,65,23,217,2.0,17.0,17.0,28.0,12.0,85.0,5.0,16.0,0
242,2430,1237,61,633,65,24,217,2.0,17.0,17.0,28.0,12.0,86.0,5.0,16.0,0
243,2440,1242,61,636,66,24,218,2.0,17.0,17.0,28.0,12.0,86.0,5.0,16.0,0
244,2450,1248,61,639,66,24,218,2.0,17.0,17.0,28.0,12.0,87.0,5.0,16.0,0
245,2460,1251,61,643,67,24,220,2.0,17.0,17.0,28.0,12.0,87.0,5.0,16.0,0
246,2470,1256,61,646,67,24,222,2.0,17.0,17.0,28.0,12.0,87.0,5.0,16.0,0
247,2480,1260,61,648,67,24,222,2.0,17.0,17.0,28.0,12.0,90.0,5.0,16.0,1.0
248,2490,1267,61,650,67,24,222,2.0,17.0,17.0,28.0,12.0,91.0,5.0,16.0,1.0
249,2500,1271,63,651,67,24,225,2.0,17.0,17.0,28.0,12.0,91.0,5.0,16.0,1.0
250,2510,1276,63,652,67,24,227,2.0,17.0,18.0,28.0,12.0,92.0,5.0,16.0,1.0
251,2520,1279,63,656,68,24,229,2.0,17.0,18.0,28.0,12.0,92.0,5.0,16.0,1.0
252,2530,1286,63,658,68,25,229,2.0,17.0,18.0,28.0,12.0,92.0,5.0,16.0,1.0
253,2540,1290,63,661,69,25,230,2.0,17.0,18.0,28.0,12.0,93.0,5.0,16.0,1.0
254,2550,1296,63,665,69,25,230,2.0,17.0,18.0,28.0,12.0,93.0,5.0,16.0,1.0
255,2560,1301,63,667,70,25,230,2.0,17.0,19.0,28.0,12.0,94.0,5.0,16.0,1.0
256,2570,1306,63,671,70,25,231,2.0,17.0,19.0,28.0,12.0,94.0,5.0,16.0,1.0
257,2580,1309,63,676,71,25,231,2.0,17.0,19.0,28.0,12.0,94.0,5.0,16.0,1.0
258,2590,1314,63,679,72,25,231,2.0,18.0,19.0,28.0,12.0,94.0,5.0,16.0,1.0
259,2600,1321,63,681,72,25,232,2.0,18.0,19.0,28.0,12.0,94.0,5.0,16.0,1.0
260,2610,1327,63,684,72,25,232,2.0,19.0,19.0,28.0,12.0,94.0,5.0,16.0,1.0
261,2620,1329,63,689,72,25,234,2.0,19.0,19.0,28.0,12.0,95.0,5.0,16.0,1.0
262,2630,1333,63,693,72,25,234,2.0,19.0,19.0,28.0,12.0,97.0,5.0,16.0,1.0
263,2640,1337,64,698,72,25,234,2.0,19.0,19.0,28.0,12.0,97.0,5.0,16.0,1.0
264,2650,1339,65,701,73,25,235,2.0,19.0,19.0,28.0,12.0,97.0,5.0,16.0,1.0
265,2660,1345,65,702,73,25,237,2.0,19.0,19.0,28.0,12.0,98.0,5.0,16.0,1.0
266,2670,1346,66,706,73,25,241,2.0,19.0,19.0,28.0,12.0,98.0,5.0,16.0,1.0
267,2680,1351,66,708,74,25,243,2.0,19.0,19.0,28.0,12.0,98.0,5.0,16.0,1.0
268,2690,1355,66,713,74,25,243,2.0,19.0,19.0,28.0,12.0,98.0,6.0,16.0,1.0
269,2700,1358,66,716,74,26,244,2.0,19.0,19.0,28.0,12.0,100.0,6.0,16.0,1.0
270,2710,1364,66,717,74,26,245,2.0,19.0,20.0,28.0,12.0,101.0,6.0,16.0,1.0
271,2720,1369,66,718,74,26,247,2.0,19.0,20.0,28.0,12.0,103.0,6.0,16.0,1.0
272,2730,1373,66,722,74,26,248,2.0,19.0,20.0,29.0,12.0,103.0,6.0,16.0,1.0
273,2740,1377,66,727,74,26,248,2.0,19.0,20.0,29.0,12.0,103.0,7.0,16.0,1.0
274,2750,1383,66,730,74,26,248,2.0,19.0,20.0,29.0,12.0,103.0,7.0,17.0,1.0
275,2760,1389,66,731,74,27,249,2.0,19.0,20.0,29.0,12.0,104.0,7.0,17.0,1.0
276,2770,1392,66,735,74,27,251,2.0,20.0,20.0,29.0,12.0,104.0,7.0,17.0,1.0
277,2780,1397,66,739,74,27,251,2.0,20.0,21.0,29.0,12.0,104.0,7.0,17.0,1.0
278,2790,1405,66,741,74,27,251,2.0,20.0,21.0,29.0,12.0,104.0,7.0,17.0,1.0
279,2800,1410,66,745,74,27,251,2.0,20.0,21.0,30.0,12.0,104.0,7.0,17.0,1.0
280,2810,1419,66,746,74,27,251,2.0,20.0,21.0,30.0,12.0,104.0,7.0,17.0,1.0
281,2820,1425,66,748,74,27,253,2.0,20.0,21.0,30.0,12.0,104.0,7.0,17.0,1.0
282,2830,1430,66,751,74,27,255,2.0,20.0,21.0,30.0,12.0,104.0,7.0,17.0,1.0
283,2840,1436,66,753,75,27,256,2.0,20.0,21.0,30.0,12.0,104.0,7.0,17.0,1.0
284,2850,1441,66,756,76,27,256,2.0,20.0,21.0,30.0,12.0,105.0,7.0,17.0,1.0
285,2860,1445,66,760,76,27,257,2.0,21.0,21.0,30.0,12.0,105.0,7.0,17.0,1.0
286,2870,1452,66,762,76,27,257,2.0,21.0,21.0,30.0,12.0,105.0,7.0,17.0,2.0
287,2880,1457,66,766,76,27,258,2.0,21.0,21.0,30.0,12.0,105.0,7.0,17.0,2.0
288,2890,1462,66,767,76,28,259,2.0,21.0,21.0,30.0,12.0,106.0,7.0,17.0,2.0
289,2900,1468,66,770,76,28,259,2.0,21.0,21.0,30.0,12.0,106.0,7.0,17.0,2.0
290,2910,1475,66,771,77,28,259,2.0,22.0,21.0,30.0,12.0,106.0,7.0,17.0,2.0
291,2920,1480,66,776,77,28,259,2.0,22.0,21.0,30.0,12.0,106.0,7.0,17.0,2.0
292,2930,1486,67,777,77,28,260,2.0,22.0,21.0,30.0,12.0,107.0,7.0,17.0,2.0
293,2940,1492,67,780,77,28,261,2.0,22.0,21.0,30.0,12.0,107.0,7.0,17.0,2.0
294,2950,1498,67,783,77,28,262,2.0,22.0,21.0,30.0,12.0,107.0,7.0,17.0,2.0
295,2960,1502,67,786,78,28,264,2.0,22.0,21.0,30.0,12.0,107.0,7.0,17.0,2.0
296,2970,1508,68,786,78,28,265,2.0,22.0,21.0,30.0,12.0,109.0,7.0,17.0,2.0
297,2980,1516,68,787,78,28,265,2.0,22.0,21.0,30.0,13.0,109.0,7.0,17.0,2.0
298,2990,1519,69,790,78,29,266,2.0,23.0,21.0,30.0,13.0,109.0,7.0,17.0,2.0
299,3000,1524,69,794,78,29,267,2.0,23.0,21.0,30.0,13.0,109.0,7.0,17.0,2.0
300,3010,1526,70,799,78,29,268,2.0,23.0,21.0,30.0,13.0,110.0,7.0,17.0,2.0
301,3020,1527,71,803,78,29,270,2.0,23.0,21.0,30.0,13.0,112.0,7.0,17.0,2.0
302,3030,1531,72,806,79,29,270,2.0,23.0,22.0,30.0,13.0,112.0,7.0,17.0,2.0
303,3040,1535,73,809,79,30,270,2.0,23.0,22.0,30.0,14.0,112.0,7.0,17.0,2.0
304,3050,1541,73,812,79,30,270,2.0,23.0,22.0,30.0,14.0,112.0,7.0,17.0,2.0
305,3060,1549,73,813,79,30,270,2.0,23.0,22.0,30.0,14.0,113.0,7.0,17.0,2.0
306,3070,1558,73,813,79,30,270,2.0,23.0,22.0,30.0,14.0,114.0,7.0,17.0,2.0
307,3080,1565,73,814,80,30,271,2.0,23.0,22.0,30.0,14.0,114.0,7.0,17.0,2.0
308,3090,1572,73,816,80,30,271,2.0,23.0,22.0,30.0,14.0,115.0,7.0,17.0,2.0
309,3100,1578,73,818,80,30,273,2.0,23.0,22.0,30.0,14.0,115.0,7.0,17.0,2.0
310,3110,1583,73,821,81,30,273,2.0,23.0,22.0,30.0,14.0,116.0,7.0,17.0,2.0
311,3120,1587,73,824,82,30,273,2.0,23.0,22.0,30.0,14.0,117.0,7.0,17.0,2.0
312,3130,1594,73,826,82,30,273,2.0,24.0,22.0,30.0,14.0,117.0,7.0,17.0,2.0
313,3140,1599,73,828,82,30,275,2.0,24.0,22.0,31.0,14.0,117.0,7.0,17.0,2.0
314,3150,1606,74,830,82,30,275,2.0,24.0,22.0,31.0,14.0,117.0,7.0,17.0,2.0
315,3160,1611,74,834,82,30,276,2.0,24.0,22.0,31.0,14.0,117.0,7.0,17.0,2.0
316,3170,1613,74,837,82,31,280,2.0,24.0,22.0,31.0,14.0,117.0,7.0,17.0,2.0
317,3180,1616,74,840,82,32,281,2.0,24.0,22.0,31.0,15.0,118.0,7.0,17.0,2.0
318,3190,1622,74,842,82,32,282,2.0,24.0,23.0,31.0,15.0,118.0,7.0,17.0,2.0
319,3200,1628,74,843,82,32,283,2.0,24.0,23.0,31.0,15.0,118.0,8.0,18.0,2.0
320,3210,1634,74,847,82,32,283,2.0,24.0,23.0,31.0,15.0,118.0,8.0,18.0,2.0
321,3220,1640,75,847,83,33,284,2.0,24.0,23.0,31.0,15.0,118.0,8.0,18.0,2.0
322,3230,1642,75,853,83,33,285,2.0,24.0,23.0,31.0,15.0,119.0,8.0,18.0,2.0
323,3240,1651,75,854,83,33,285,2.0,24.0,23.0,31.0,15.0,119.0,8.0,18.0,2.0
324,3250,1656,75,857,83,33,286,2.0,24.0,23.0,31.0,15.0,120.0,8.0,18.0,2.0
325,3260,1659,75,860,84,33,287,2.0,24.0,23.0,32.0,15.0,121.0,8.0,18.0,2.0
326,3270,1665,77,861,85,33,287,2.0,24.0,23.0,32.0,15.0,121.0,8.0,18.0,2.0
327,3280,1671,77,864,85,33,287,2.0,24.0,23.0,32.0,16.0,121.0,8.0,18.0,2.0
328,3290,1676,77,867,85,33,287,2.0,24.0,23.0,32.0,16.0,122.0,9.0,18.0,2.0
329,3300,1682,77,868,87,33,288,2.0,24.0,23.0,32.0,16.0,122.0,9.0,18.0,2.0
330,3310,1687,77,870,87,33,290,2.0,24.0,23.0,32.0,16.0,123.0,9.0,18.0,2.0
331,3320,1692,78,871,87,33,291,2.0,24.0,23.0,32.0,16.0,124.0,9.0,18.0,2.0
332,3330,1697,78,872,87,33,293,2.0,25.0,24.0,32.0,16.0,124.0,9.0,18.0,2.0
333,3340,1704,78,875,87,33,293,2.0,25.0,24.0,32.0,16.0,124.0,9.0,18.0,2.0
334,3350,1709,78,878,87,33,295,2.0,25.0,24.0,32.0,16.0,124.0,9.0,18.0,2.0
335,3360,1715,78,880,87,33,296,2.0,25.0,24.0,32.0,16.0,125.0,9.0,18.0,2.0
336,3370,1718,78,882,87,33,299,2.0,25.0,24.0,33.0,16.0,126.0,9.0,18.0,2.0
337,3380,1723,80,884,88,33,299,2.0,25.0,24.0,33.0,16.0,126.0,9.0,18.0,2.0
338,3390,1730,80,885,88,33,301,2.0,25.0,24.0,33.0,16.0,126.0,9.0,18.0,2.0
339,3400,1734,80,888,89,34,302,2.0,25.0,24.0,33.0,16.0,126.0,9.0,18.0,2.0
340,3410,1736,80,892,90,34,304,2.0,25.0,25.0,33.0,16.0,126.0,9.0,18.0,2.0
341,3420,1740,81,894,90,34,306,2.0,25.0,25.0,34.0,16.0,126.0,9.0,18.0,2.0
342,3430,1745,81,897,90,34,306,2.0,25.0,26.0,34.0,16.0,127.0,9.0,18.0,2.0
343,3440,1751,81,900,90,34,306,2.0,25.0,26.0,34.0,16.0,127.0,10.0,18.0,2.0
344,3450,1759,81,901,90,34,307,2.0,25.0,26.0,34.0,16.0,127.0,10.0,18.0,2.0
345,3460,1762,81,904,91,34,308,2.0,25.0,26.0,34.0,16.0,128.0,10.0,18.0,2.0
346,3470,1765,82,908,91,34,308,2.0,25.0,26.0,34.0,16.0,128.0,12.0,18.0,2.0
347,3480,1768,82,911,93,34,308,2.0,26.0,26.0,34.0,16.0,129.0,12.0,18.0,2.0
348,3490,1775,82,913,93,34,309,2.0,26.0,26.0,34.0,16.0,129.0,12.0,18.0,2.0
349,3500,1777,82,918,93,34,310,2.0,26.0,26.0,35.0,16.0,130.0,12.0,18.0,2.0
350,3510,1781,82,920,93,35,311,2.0,27.0,26.0,35.0,16.0,131.0,12.0,18.0,2.0
351,3520,1787,82,921,93,35,313,2.0,27.0,26.0,35.0,17.0,131.0,12.0,18.0,2.0
352,3530,1794,82,922,93,35,314,2.0,27.0,27.0,35.0,17.0,131.0,12.0,18.0,2.0
353,3540,1801,82,923,93,35,316,2.0,27.0,27.0,35.0,17.0,131.0,12.0,18.0,2.0
354,3550,1805,82,927,93,35,318,2.0,27.0,27.0,35.0,17.0,131.0,12.0,18.0,2.0
355,3560,1810,82,929,95,35,318,2.0,27.0,27.0,35.0,17.0,131.0,12.0,18.0,2.0
356,3570,1817,82,931,95,35,319,2.0,27.0,27.0,35.0,17.0,131.0,12.0,18.0,2.0
357,3580,1821,82,935,96,35,320,2.0,27.0,27.0,35.0,17.0,131.0,12.0,18.0,2.0
358,3590,1827,82,937,96,35,321,2.0,28.0,27.0,35.0,17.0,131.0,12.0,18.0,2.0
359,3600,1833,82,941,96,35,321,2.0,28.0,27.0,35.0,17.0,131.0,12.0,18.0,2.0
360,3610,1838,82,944,96,35,322,2.0,28.0,27.0,35.0,17.0,131.0,13.0,18.0,2.0
361,3620,1843,82,944,97,36,325,2.0,28.0,27.0,35.0,17.0,131.0,13.0,18.0,2.0
362,3630,1847,82,948,97,36,326,2.0,28.0,27.0,35.0,17.0,132.0,13.0,18.0,2.0
363,3640,1853,82,952,97,36,326,2.0,28.0,27.0,35.0,17.0,132.0,13.0,18.0,2.0
364,3650,1860,82,955,97,36,326,2.0,28.0,27.0,35.0,17.0,132.0,13.0,18.0,2.0
365,3660,1866,82,957,98,36,326,2.0,28.0,27.0,35.0,17.0,133.0,13.0,18.0,2.0
